<?xml version="1.0" encoding="UTF-8" standalone="yes"?>
<addon id="repository.kodispot" name="Kodi Spot Repository" version="1.0" provider-name="Kodi Spot">
	<extension point="xbmc.addon.repository" name="Kodi Spot Repo 1.0">
		<info compressed="false">http://github.com/kodispot/kodispot.repository/raw/master/addons.xml</info>
		<checksum>http://github.com/kodispot/kodispot.repository/raw/master/addons.xml.md5</checksum>
		<datadir zip="true">http://github.com/kodispot/kodispot.repository/raw/master/zips</datadir>
	</extension>
	<extension point="xbmc.addon.metadata">
		<summary>Instala add-ons desde el repositorio de Kodi Spot.</summary>
		<description></description>
		<platform>all</platform>
	</extension>
</addon>

